"Manufacturer","Year","Name","IPDB","OPDB","InCatalog","Type"
"Alvin G. & Co","1991","A.G. Soccer-Ball","120","G5wxv-MQP9z","False","ss"
"Alvin G. & Co","1992","A.G. Football","2886","G5wxv-MnKkN","False","ss"
"Alvin G. & Co","1992","Al's Garage Band goes on a World Tour","3513","GRLz0-MeP4B","False","ss"
"Alvin G. & Co","1992","U.S.A. Football","2710","G5wxv-MP3k9","False","ss"
"Alvin G. & Co","1993","Pistol Poker","1805","GRLL9-MDOkz","False","ss"
"Alvin G. & Co","1993","Punchy the Clown","3508","G4x2P-MnK03","False","ss"
"Alvin G. & Co","1993","Mystery Castle","1647","G5vZZ-MQNNo","False","ss"
"American Pinball","2017","Houdini: Master of Mystery","6470","GvBQX-M0ody","True","ss"
"American Pinball","2018","Oktoberfest","6576","GLWBV-Mz2El","False","ss"
"American Pinball","2020","Hot Wheels","6661","GEL31-M61W3","False","ss"
"American Pinball","2021","Legends of Valhalla (Classic/Deluxe)","","GWyyq-MwNK5","False","ss"
"American Pinball","2023","Galactic Tank Force (Classic)","","Gj6PZ-Mb5z6","False","ss"
"American Pinball","2024","Barry O's Barbecue Challenge","","GK1Kv-ME0E0","False","ss"
"Atari","1976","Atarians","102","Gry9N-MQYVj","False","ss"
"Atari","1977","Airborne Avenger","33","G4dZZ-MKNzE","False","ss"
"Atari","1977","Time 2000","2567","G48Dx-MLleq","False","ss"
"Atari","1978","Space Riders","2258","GrdzE-MQ2E6","False","ss"
"Atari","1978","Middle Earth","1590","G4OzV-MJN4z","False","ss"
"Atari","1979","Road Runner","3517","G421X-ME0nK","False","ss"
"Atari","1979","Superman","2454","GR73N-MwN9x","False","ss"
"Atari","1979","Hercules","1155","G4NOx-MyNYZ","False","ss"
"Atari","1980","Monza","1625","G5Qx7-MLnbP","False","ss"
"Atari","1981","Neutron Star","1664","GrlQV-ML1BY","False","ss"
"Atari","1983","4X4","3111","G59VQ-MLBVl","False","ss"
"Bally","1976","Fireball (Home Model)","4116","G48ZN-MQ56q","False","ss"
"Bally","1976","Freedom","4500","GR9qY-MD3Px","False","ss"
"Bally","1976","Night Rider","4497","GryQj-MLvN7","False","ss"
"Bally","1977","Captain Fantastic and the Brown Dirt Cowboy (Home Model)","439","GRveZ-M4oyo","False","ss"
"Bally","1977","Eight Ball","760","GrN7J-MJ78q","False","ss"
"Bally","1977","Bobby Orr's Power Play","1858","G4en0-MJ5vB","False","ss"
"Bally","1977","Black Jack","309","G5nbD-MDyXb","False","ss"
"Bally","1977","Evel Knievel","4499","G59wx-MLnZ3","False","ss"
"Bally","1977","Six Million Dollar Man","2165","GrEke-ML8qN","False","ss"
"Bally","1977","Mata Hari","4501","G417e-MDvXz","False","ss"
"Bally","1978","Voltan Escapes Cosmic Doom","2744","GrkW3-MD8RW","False","ss"
"Bally","1978","Strikes and Spares","2406","GrleW-MYeod","False","ss"
"Bally","1978","Silverball Mania","2156","GRD2P-MDX5b","False","ss"
"Bally","1978","Lost World","1476","G5pEk-MDWe4","False","ss"
"Bally","1978","Harlem Globetrotters On Tour","1125","GRnwQ-M9R5d","False","ss"
"Bally","1978","Dolly Parton","698","G43Yq-MJ7o4","False","ss"
"Bally","1978","Playboy","1823","GrkOB-MJVvl","True","ss"
"Bally","1979","Future Spa","974","G5Dbo-M3dv6","False","ss"
"Bally","1979","Star Trek","2355","GRVnd-MQZzx","False","ss"
"Bally","1979","Rolling Stones","2010","G5Qz4-MQddv","False","ss"
"Bally","1979","KISS","1386","G4jXr-MQ6kz","True","ss"
"Bally","1979","Paragon","1755","GrXy3-ML0Ey","False","ss"
"Bally","1979","Mystic","1650","G5Bnl-MLnw6","False","ss"
"Bally","1979","Supersonic","2455","GRLXd-ME07p","False","ss"
"Bally","1979","Hotdoggin'","1243","GrENE-MD0dz","False","ss"
"Bally","1979","Viking","2737","G57kN-MQ71K","False","ss"
"Bally","1980","Nitro Ground Shaker","1682","GrP6q-M5Rp1","False","ss"
"Bally","1980","Space Invaders","2252","G42PX-MyNXo","False","ss"
"Bally","1980","Skateball","2170","GrNpx-M2YZq","False","ss"
"Bally","1980","Flash Gordon","874","G5728-MDbjD","False","ss"
"Bally","1980","Fireball II","854","Gry7q-MwNE2","False","ss"
"Bally","1980","Xenon","2821","G42Pk-MZe2e","False","ss"
"Bally","1980","Frontier","959","GRwjq-MJwrd","False","ss"
"Bally","1981","Centaur","476","GrX7q-MLWkn","False","ss"
"Bally","1981","Medusa","1565","G4xXQ-MDWW1","False","ss"
"Bally","1981","Vector","2723","G486B-MrRwE","False","ss"
"Bally","1981","Elektra","778","GRVld-MDE3l","False","ss"
"Bally","1981","Eight Ball Deluxe","762","G5KXk-MLB9V","False","ss"
"Bally","1981","Embryon","783","G4qk7-MNEjx","False","ss"
"Bally","1981","Fathom","829","GrPO3-M9Rpx","False","ss"
"Bally","1982","Baby Pac-Man","125","G5Kvx-MQdpl","False","ss"
"Bally","1982","BMX","335","G48NB-MD384","False","ss"
"Bally","1982","Speakeasy","2270","GRbl7-ML8EY","False","ss"
"Bally","1982","Mr. & Mrs. Pac-Man","1639","Gr2Dk-MQNy7","False","ss"
"Bally","1982","Spectrum","2274","GRw7z-MJN9l","False","ss"
"Bally","1982","Eight Ball Deluxe (LE)","763","G5KXk-MLqNz","False","ss"
"Bally","1983","Gold Ball","1024","Grjlx-MQkz3","False","ss"
"Bally","1983","Grand Slam","1079","G4PL3-MLeBP","False","ss"
"Bally","1983","X's & O's","2822","GRpWD-MNEPl","False","ss"
"Bally","1983","Centaur II","477","GrX7q-MD0yP","False","ss"
"Bally","1984","Spy Hunter","2328","GRwl7-MJ45o","False","ss"
"Bally","1984","Granny and the Gators","1083","G4OKd-Mb51r","False","ss"
"Bally","1984","Kings of Steel","1382","GR67j-M7ZYy","False","ss"
"Bally","1984","Black Pyramid","312","GRVnY-MDz0l","False","ss"
"Bally","1985","Beat the Clock","212","GRY9k-MQr4w","False","ss"
"Bally","1985","Eight Ball Champ","761","G439V-MDvWZ","False","ss"
"Bally","1985","Fireball Classic","853","G48ZN-MLONl","False","ss"
"Bally","1985","Cybernaut","614","GR69j-MW93o","False","ss"
"Bally","1986","Strange Science","2396","G5nzJ-MJVX8","False","ss"
"Bally","1986","Special Force","2272","GRDkX-M61RE","False","ss"
"Bally","1986","Lady Luck","1402","GR0nO-MdE2B","False","ss"
"Bally","1986","Motordome","1633","Gr8PN-MDqlN","False","ss"
"Bally","1986","Karate Fight","1346","G562j-MLWYq","False","ss"
"Bally","1986","Black Belt","303","G562j-MDyoK","False","ss"
"Bally","1987","Dungeons & Dragons","743","G4JBP-MJ6jr","False","ss"
"Bally","1987","Heavy Metal Meltdown","1150","GRo3e-MQ7OW","False","ss"
"Bally","1987","City Slicker","527","GrEVb-MLOxJ","False","ss"
"Bally","1987","Hardbody","1122","GRbX3-M7ZK3","False","ss"
"Bally","1987","Party Animal","1763","G42Zz-MeP7R","False","ss"
"Bally","1988","Truck Stop","2667","G5Y6O-MLn90","False","ss"
"Bally","1988","Escape from the Lost World","789","G5oEz-MQ7Zw","False","ss"
"Bally","1988","Blackwater 100","319","G5K6X-MQjwK","False","ss"
"Bally","1988","Ramp Warrior","3521","G5Y6O-MLOqO","False","ss"
"Bally","1989","Mousin' Around!","1635","G43oq-MJp02","False","ss"
"Bally","1989","Elvira and the Party Monsters","782","Grlxp-MVKBW","False","ss"
"Bally","1989","Atlantis","106","GrNlV-MDydr","False","ss"
"Bally","1989","Transporter the Rescue","2630","G5n2D-MLn85","False","ss"
"Bally","1990","Dr. Dude And His Excellent Ray","737","GRVEJ-MDq1w","False","ss"
"Bally","1990","The Bally Game Show","985","G5V92-MJ9XO","False","ss"
"Bally","1990","Radical!","1904","G59ZY-MD8p7","False","ss"
"Bally","1990","Pool Sharks","1848","GR68o-M0o2O","False","ss"
"Bally","1991","Bugs Bunny's Birthday Ball","396","GRozL-MDb46","False","ss"
"Bally","1991","The Party Zone","1764","G5oBw-ML3Kw","False","ss"
"Bally","1991","Harley Davidson","1126","Gr2L0-MDz1W","False","ss"
"Bally","1991","Gilligan's Island","1004","GRBxQ-MnKX7","False","ss"
"Bally","1992","The Addams Family","20","G4ODR-MDXEy","False","ss"
"Bally","1992","Doctor Who","738","G4x2Y-MQwwe","False","ss"
"Bally","1992","Black Rose","313","G5vZd-MQpWZ","False","ss"
"Bally","1992","Creature from the Black Lagoon","588","GrNWn-MQdqZ","False","ss"
"Bally","1993","Judge Dredd","1322","GRoZw-MLW3j","False","ss"
"Bally","1993","Twilight Zone","2684","GrXzD-MjBPX","False","ss"
"Bally","1994","The Addams Family Gold","21","G4ODR-MLzY7","False","ss"
"Bally","1994","Corvette","570","GrjDz-MJKN6","False","ss"
"Bally","1994","World Cup Soccer","2811","G42E2-MQP9e","False","ss"
"Bally","1994","Popeye Saves the Earth","1851","GR0lW-MJPVV","False","ss"
"Bally","1994","Pinball Circus","4354","G4qdD-MrR3Z","False","ss"
"Bally","1994","The Shadow","2528","G4jPX-M85YZ","False","ss"
"Bally","1995","WHO dunnit","3685","G50kj-MDqpv","False","ss"
"Bally","1995","Attack from Mars","3781","G4do5-MDlN7","False","ss"
"Bally","1995","Theatre of Magic","2845","G5BLE-MQ75Y","False","ss"
"Bally","1995","Indianapolis 500","2853","Gr8l3-MDWr0","False","ss"
"Bally","1996","Scared Stiff","3915","G4xbP-Mp45Y","False","ss"
"Bally","1996","Safe Cracker","3782","GRBxq-MJpOP","False","ss"
"Bally","1997","Cirqus Voltaire","4059","GRVjJ-MLq7W","False","ss"
"Bally","1997","NBA Fastbreak","4023","GrO0D-MQolo","False","ss"
"Bally","1998","Cactus Canyon","4445","G4835-Mb5eO","False","ss"
"Bally","1998","Champion Pub","4358","G42k0-MQ6w9","False","ss"
"Bally","1999","Revenge From Mars","4446","G50Wr-MLeZP","False","ss"
"Bandai Namco","2019","Super Panic Ball","","G7Zjz-Mx0jK","False","ss"
"Barrels of Fun","2023","Jim Henson's Labyrinth","","GvBn8-Mz291","False","ss"
"Barrels of Fun","2025","Dune","","Gd266-ME0l7","False","ss"
"Barrels of Fun","2025","Winchester Mystery House","","GvBzO-Mz2r7","False","ss"
"Capcom","1995","Pinball Magic","3596","GrZnn-MJj46","False","ss"
"Capcom","1996","Big Bang Bar","4001","G56vo-MLl1Z","False","ss"
"Capcom","1996","Airborne","3783","G4EZe-MJ424","False","ss"
"Capcom","1996","Breakshot","3784","G43oE-M0ok5","False","ss"
"Capcom","1996","Flipper Football","3945","GRKKk-MLxwP","False","ss"
"Capcom","1996","Kingpin","4000","G48od-MJNnn","False","ss"
"Chicago Gaming","2015","Medieval Madness (Remake Royal Edition)","6264","G5pe4-MkPRV","False","ss"
"Chicago Gaming","2015","Medieval Madness (Remake LE)","","G5pe4-M61y6","False","ss"
"Chicago Gaming","2016","Medieval Madness (Remake)","6263","G5pe4-MyNkp","False","ss"
"Chicago Gaming","2016","Medieval Madness (Remake Special Edition)","","G5pe4-MrR1B","False","ss"
"Chicago Gaming","2017","Attack From Mars (Remake Special)","6384","G4do5-MjBp2","False","ss"
"Chicago Gaming","2017","Attack From Mars (Remake)","","G4do5-MkPnV","False","ss"
"Chicago Gaming","2017","Attack From Mars (Remake LE)","6385","G4do5-MW9z8","False","ss"
"Chicago Gaming","2018","Monster Bash (Remake Special)","6571","Gr3EW-MXryE","False","ss"
"Chicago Gaming","2018","Monster Bash (Remake LE)","6572","Gr3EW-M1r9Y","False","ss"
"Chicago Gaming","2018","Monster Bash (Remake)","6570","Gr3EW-M3dBn","False","ss"
"Chicago Gaming","2021","Cactus Canyon (Remake)","","G4835-M2YPK","False","ss"
"Chicago Gaming","2023","Pulp Fiction","","GoEkx-MdEzN","False","ss"
"Chicago Gaming","2025","Medieval Madness (Remake Merlin Edition)","","G5pe4-MrRrv","False","ss"
"Data East","1987","Laser War","1415","G5one-MQY5V","False","ss"
"Data East","1988","Time Machine","2565","GR99Y-MJ9Zy","False","ss"
"Data East","1988","Torpedo Alley","2603","G48on-ML8B9","False","ss"
"Data East","1988","Secret Service","2090","G4qqv-MDW0P","False","ss"
"Data East","1989","Monday Night Football","1616","G5zZ7-Mp474","False","ss"
"Data East","1989","Playboy 35th Anniversary","1822","GRL60-MLW2q","False","ss"
"Data East","1989","Robocop","1976","Grlxe-MJ916","False","ss"
"Data East","1990","The Simpsons","2158","G5VBJ-MLy4l","False","ss"
"Data East","1990","Phantom of the Opera","1777","Grq1D-MQokp","False","ss"
"Data East","1990","King Kong","3194","G5BNq-MDB4d","False","ss"
"Data East","1990","Back to the Future","126","GRpbW-MLXq2","False","ss"
"Data East","1991","Batman","195","GrOpb-MQ7w1","False","ss"
"Data East","1991","Star Trek","2356","G42qQ-MLn3y","False","ss"
"Data East","1991","Checkpoint","498","G4Jdp-MJNrr","False","ss"
"Data East","1991","Teenage Mutant Ninja Turtles","2509","Gr8xn-MKN66","True","ss"
"Data East","1992","Michael Jordan","3425","G57EJ-MLWB9","False","ss"
"Data East","1992","Star Wars","2358","G420r-MLedz","True","ss"
"Data East","1992","Lethal Weapon 3","1433","GRokL-MQP78","False","ss"
"Data East","1992","Hook","1233","G42EQ-MJYpj","False","ss"
"Data East","1993","Last Action Hero","1416","GRwyq-MW9lN","False","ss"
"Data East","1993","Tales from the Crypt","2493","GR6wO-MDvzk","False","ss"
"Data East","1993","Adventures of Rocky and Bullwinkle and Friends","23","G5vnL-MJP3y","False","ss"
"Data East","1993","Jurassic Park","1343","G4ZVB-MJ5lE","True","ss"
"Data East","1994","Maverick","1561","GrN9V-ML8nw","False","ss"
"Data East","1994","The Who's Tommy Pinball Wizard","2579","GR6do-MLBq4","False","ss"
"Data East","1994","WWF Royal Rumble","2820","G57y6-MLej6","False","ss"
"Data East","1994","Guns N' Roses","1100","GrPKV-MyNoP","False","ss"
"deeproot","2019","Retro Atomic Zombie Adventureland","","Ge1L8-Mb52x","False","ss"
"Dutch Pinball","2014","Bride of Pinbot 2.0","6319","GRpee-MJkyr","False","ss"
"Dutch Pinball","2015","The Big Lebowski","6320","G5WBr-MvB3E","False","ss"
"Dutch Pinball","2025","Alice's Adventures in Wonderland","","GX2vL-MW9en","False","ss"
"Game Plan","1978","Rio","3523","GrJy1-MDEbO","False","ss"
"Game Plan","1978","Black Velvet","315","GRw0Z-Ml9Eb","False","ss"
"Game Plan","1979","Old Coney Island!","553","G4qjj-MZeyb","False","ss"
"Game Plan","1979","Star Trip","3605","GRoW6-ME0Ro","False","ss"
"Game Plan","1979","Family Fun!","817","GRoW6-MQk81","False","ss"
"Game Plan","1979","Vegas","2725","GrEXp-MJjn3","False","ss"
"Game Plan","1979","Sharpshooter","2113","Gr37O-MePr0","False","ss"
"Game Plan","1980","Pinball Lizard","1464","GR9ko-MLzrW","False","ss"
"Game Plan","1981","Global Warfare","1015","G436N-MQw3K","False","ss"
"Game Plan","1982","Super Nova","2436","G56KW-MKNNj","False","ss"
"Game Plan","1983","Sharp Shooter II","2114","Gr8KB-MLqYW","False","ss"
"Game Plan","1984","Agents 777","26","Grkpd-MQrjj","False","ss"
"Game Plan","1984","Attila the Hun","109","GrZxD-MLO4Y","False","ss"
"Game Plan","1985","Cyclopes","619","GRwZ7-MJ7vy","False","ss"
"Game Plan","1985","Captain Hook","434","G4jeW-MDb93","False","ss"
"Game Plan","1985","Andromeda","73","GrXOZ-MLyb0","False","ss"
"Game Plan","1985","Lady Sharpshooter","1407","G48NN-MLqOw","False","ss"
"Gottlieb","1976","Canada Dry","426","GrEZ5-ME0Ko","False","ss"
"Gottlieb","1977","Lucky Card","1485","GrPpb-MLEk7","False","ss"
"Gottlieb","1977","Cleopatra","532","GrknN-MQrdv","False","ss"
"Gottlieb","1978","Charlie’s Angels","492","G5Woz-MKNq6","False","ss"
"Gottlieb","1978","Close Encounters of the Third Kind","536","G4qvL-MJwVr","False","ss"
"Gottlieb","1978","Rock Star","1983","GRbD8-MLWx0","False","ss"
"Gottlieb","1978","Joker Poker","1306","GR9o1-MQjj8","False","ss"
"Gottlieb","1978","Sinbad","2159","G4xqN-MD1Rj","False","ss"
"Gottlieb","1978","Dragon","729","G4qPZ-ME0Nr","False","ss"
"Gottlieb","1979","Totem","2607","G5YDN-MJKYo","False","ss"
"Gottlieb","1979","The Incredible Hulk","1266","GRQW7-MLW5P","False","ss"
"Gottlieb","1979","Genie","997","GRBKZ-ML8Oe","False","ss"
"Gottlieb","1979","Pinball Pool","1795","G4kdB-MLqe3","False","ss"
"Gottlieb","1979","Solar Ride","2239","GRDqo-MDbPx","False","ss"
"Gottlieb","1979","Count-Down","573","G56zB-MLv9k","False","ss"
"Gottlieb","1980","James Bond 007","1286","G4PXJ-MQPlw","True","ss"
"Gottlieb","1980","Star Race","2353","G5VxP-MLWlV","False","ss"
"Gottlieb","1980","Asteroid Annie and the Aliens","98","G59bo-MJPxj","False","ss"
"Gottlieb","1980","Time Line","2564","Gr13q-MXrjY","False","ss"
"Gottlieb","1980","Buck Rogers","392","GRKx7-MJ49e","False","ss"
"Gottlieb","1980","Counterforce","575","GRYPN-Mz2RE","False","ss"
"Gottlieb","1980","Roller Disco","2005","G48qn-MDEl1","False","ss"
"Gottlieb","1980","Torch","2595","G4JbV-M5Rqn","False","ss"
"Gottlieb","1980","The Amazing Spider-Man","2285","GrXlr-MOEE2","False","ss"
"Gottlieb","1980","Circus","515","G4xXK-Mx01N","False","ss"
"Gottlieb","1980","Panthera","1745","G5bQq-MQ4ob","False","ss"
"Gottlieb","1981","Black Hole","307","G41yq-MQP65","False","ss"
"Gottlieb","1981","Volcano","2742","GrEzp-MDbW3","False","ss"
"Gottlieb","1981","Force II","916","G5Wpk-MDWpy","False","ss"
"Gottlieb","1981","Mars God of War","1549","GrNpY-MJrZw","False","ss"
"Gottlieb","1981","Pink Panther","1800","Gre72-MDE5e","False","ss"
"Gottlieb","1982","Eclipse","756","G4ddn-MLX3E","False","ss"
"Gottlieb","1982","Spirit","2292","Grl9W-MLvOj","False","ss"
"Gottlieb","1982","Striker","2405","G5YEE-MDEVO","False","ss"
"Gottlieb","1982","Punk!","1877","GrEwE-MkP0d","False","ss"
"Gottlieb","1982","Rocky","1993","GrJvk-MDekx","False","ss"
"Gottlieb","1982","Caveman","475","GR768-MLErr","False","ss"
"Gottlieb","1982","Haunted House","1133","G5BP6-MJK4Z","False","ss"
"Gottlieb","1982","Devil's Dare","673","GrNkY-MDbn2","False","ss"
"Gottlieb","1983","Rack 'Em Up","1902","G4ywq-MLqxN","False","ss"
"Gottlieb","1983","Ready...Aim...Fire!","1924","GRL2z-MQkqe","False","ss"
"Gottlieb","1983","Amazon Hunt","66","GrJkp-M1rBN","False","ss"
"Gottlieb","1983","Goin' Nuts","1021","GnPPP-M7ZBR","False","ss"
"Gottlieb","1983","Krull","1397","GV881-MBRNV","False","ss"
"Gottlieb","1983","Q*Bert's Quest","1885","Gr1qn-MYerP","False","ss"
"Gottlieb","1983","Super Orbit","2437","G4EPE-ML14r","False","ss"
"Gottlieb","1983","Royal Flush Deluxe","2036","GRwlz-MQYZN","False","ss"
"Gottlieb","1984","Touchdown","2610","G4ldW-MQPNv","False","ss"
"Gottlieb","1984","The Games","3391","GR9NZ-Ml99O","False","ss"
"Gottlieb","1984","El Dorado City of Gold","767","GrEZ5-MQ2jo","False","ss"
"Gottlieb","1984","Jacks to Open","1282","GrPpb-MDyOy","False","ss"
"Gottlieb","1984","Alien Star","49","G4xwQ-MQpVO","False","ss"
"Gottlieb","1985","Rock","1978","Grk62-MD1qe","False","ss"
"Gottlieb","1985","Tag-Team Pinball","2489","G5Yyo-ML3Wo","False","ss"
"Gottlieb","1985","Ice Fever","1260","G43DV-MQYKB","False","ss"
"Gottlieb","1985","Chicago Cubs 'Triple Play'","502","G5nZJ-MLxrp","False","ss"
"Gottlieb","1985","Bounty Hunter","361","G5nO8-ME0Wo","False","ss"
"Gottlieb","1986","Gold Wings","1043","G5WXd-MJrER","False","ss"
"Gottlieb","1986","Genesis","996","Gr2wz-MLBob","False","ss"
"Gottlieb","1986","Raven","1922","GrJWP-MJ7N1","False","ss"
"Gottlieb","1986","Rock Encore","1979","Grk62-MLeWx","False","ss"
"Gottlieb","1986","Hollywood Heat","1219","G5B9Z-MLBjW","False","ss"
"Gottlieb","1987","Spring Break","2324","GRLKd-Mp46p","False","ss"
"Gottlieb","1987","Monte Carlo","1622","G578Y-MJNzE","False","ss"
"Gottlieb","1987","Amazon Hunt II","3975","GrJkp-MQ21p","False","ss"
"Gottlieb","1987","Arena","82","G4EKb-MDx4p","False","ss"
"Gottlieb","1987","Victory","2733","GrdBk-Mq18w","False","ss"
"Gottlieb","1988","Excalibur","795","GrPbb-MJZX6","False","ss"
"Gottlieb","1988","Bad Girls","128","G5WOo-MePp0","False","ss"
"Gottlieb","1988","Robo-War","1975","GryK3-MQrWk","False","ss"
"Gottlieb","1988","Diamond Lady","678","G4jXW-MQdrN","False","ss"
"Gottlieb","1988","TX-Sector","2699","GRLzj-MJPYK","False","ss"
"Gottlieb","1989","Lights...Camera...Action!","1445","GrlZe-MQY0Y","False","ss"
"Gottlieb","1989","Hot Shots","1248","GrEVz-MOEzv","False","ss"
"Gottlieb","1989","Bone Busters Inc.","347","G5Lk0-MQjl3","False","ss"
"Gottlieb","1989","Big House","256","GR07v-MDRlz","False","ss"
"Gottlieb","1990","Title Fight","2573","G4Xw9-MQ7K4","False","ss"
"Gottlieb","1990","Deadly Weapon","645","Grj9q-MQ2EZ","False","ss"
"Gottlieb","1990","Silver Slugger","2152","Gr8jd-MLyxK","False","ss"
"Gottlieb","1990","Vegas","2724","GrqVL-MDyKe","False","ss"
"Gottlieb","1991","Surf 'n Safari","2461","G5W0z-MLW6N","False","ss"
"Gottlieb","1991","Car Hop","3676","Grd6d-MLR8W","False","ss"
"Gottlieb","1991","Amazon Hunt III","4432","G5Lk0-MDeVZ","False","ss"
"Gottlieb","1991","Cactus Jack's","416","G5bxy-ML30z","False","ss"
"Gottlieb","1991","Class of 1812","528","G5DYX-M0oVW","False","ss"
"Gottlieb","1991","Hoops","1235","G4j2z-MDb0Z","False","ss"
"Gottlieb","1992","Cue Ball Wizard","610","G5vPd-MJp7z","False","ss"
"Gottlieb","1992","Operation: Thunder","1721","Gr3Lq-MJZo5","False","ss"
"Gottlieb","1992","Super Mario Bros.","2435","GRBzQ-MLO1j","False","ss"
"Gottlieb","1992","Super Mario Bros. Mushroom World","3427","G7Zp0-MVKEX","False","ss"
"Gottlieb","1993","Wipe Out","2799","G5w3q-MQYr0","False","ss"
"Gottlieb","1993","Gladiators","1011","G4P9q-MLnOY","False","ss"
"Gottlieb","1993","Street Fighter II","2403","G5BYQ-MQdBV","False","ss"
"Gottlieb","1993","Tee'd Off","2508","G4yzj-ML0P4","False","ss"
"Gottlieb","1994","Freddy: A Nightmare On Elm Street","948","GRzB7-MD8ld","False","ss"
"Gottlieb","1994","World Challenge Soccer","2808","GreOx-MQNv1","False","ss"
"Gottlieb","1994","Rescue 911","1951","G5pNW-MVK46","False","ss"
"Gottlieb","1995","Waterworld","3793","G4JK7-MDBe6","False","ss"
"Gottlieb","1995","Mario Andretti","3794","GRBqq-Mp4ZY","False","ss"
"Gottlieb","1995","Shaq Attaq","2874","G4PoV-MQr5e","False","ss"
"Gottlieb","1995","Stargate","2847","G50pv-MdE6R","False","ss"
"Gottlieb","1995","Frank Thomas' Big Hurt","3591","G4kzN-MQpYx","False","ss"
"Gottlieb","1996","Barb Wire","3795","GRwyv-MQNwr","False","ss"
"Haggis Pinball","2020","Celts","6824","G9zzB-MvBKz","False","ss"
"Haggis Pinball","2022","Fathom (Mermaid)","","GrPO3-M7Zkd","False","ss"
"Hankin","1978","FJ","3627","GrlEV-ML872","False","ss"
"Hankin","1980","Shark","3339","Grjww-Mx0VR","False","ss"
"Hankin","1980","Dennis Lillee's Howzat!","3909","GRzz6-MJN6K","False","ss"
"Hankin","1980","The Empire Strikes Back","2868","GRVqP-MQrOr","False","ss"
"Hankin","1981","Orbit 1","3287","G50jJ-ML09x","False","ss"
"Heighway Pinball","2015","Full Throttle","6301","G5V8q-MQYZ6","False","ss"
"Heighway Pinball","2016","Alien (Pro)","6419","G4PBO-MLbr3","False","ss"
"Heighway Pinball","2017","Alien (LE)","","G4PBO-MYep0","False","ss"
"Inder","1979","Topaz","4477","G5n1e-MQjlv","False","ss"
"Inder","1979","Centaur","4478","G5bE7-MQdXd","False","ss"
"Inder","1980","Skateboard","4479","Grewp-MDEOP","False","ss"
"Inder","1985","Brave Team","4480","G5vxV-MDlzX","False","ss"
"Inder","1986","Canasta 86","4097","GrEpb-MQ2By","False","ss"
"Inder","1986","Lap By Lap","4098","G4exx-MXrkn","False","ss"
"Inder","1987","Moon Light","4416","Gr3ZV-MKN56","False","ss"
"Inder","1988","Clown","4093","G9zz0-MP3VK","False","ss"
"Inder","1989","Corsario","4090","G5LYj-MdE7E","False","ss"
"Inder","1990","Mundial 90","4094","Gr3yE-MQKZk","False","ss"
"Inder","1990","Flip-VI","4096","Gr3yE-MLb3K","False","ss"
"Inder","1991","Atleta","4095","GRn9J-MDOeO","False","ss"
"Inder","1992","Metal Man","4092","G4x3Y-MDznw","False","ss"
"Inder","1992","250 cc","4089","Gr22Q-MQkbn","False","ss"
"Inder","1993","Bushido","4481","GrkVZ-MLnkl","False","ss"
"Innovative Concepts (ICE)","1994","The Flintstones","5136","G6lWl-M7Zrd","False","ss"
"Jersey Jack Pinball","2013","The Wizard of Oz","5800","G4xyR-MJ2v0","False","ss"
"Jersey Jack Pinball","2015","The Hobbit","6222","G5bYr-MLezO","False","ss"
"Jersey Jack Pinball","2017","Dialed In!","6350","G4X2l-MYepl","False","ss"
"Jersey Jack Pinball","2018","Pirates of the Caribbean","6492","GRbPY-MePOP","False","ss"
"Jersey Jack Pinball","2018","Pirates of the Caribbean (CE)","6494","GRbPY-MBR24","False","ss"
"Jersey Jack Pinball","2019","Willy Wonka & The Chocolate Factory (LE)","6648","GYWBZ-MW9B0","False","ss"
"Jersey Jack Pinball","2019","Willy Wonka & The Chocolate Factory","6647","GYWBZ-MkPrr","False","ss"
"Jersey Jack Pinball","2020","Guns N' Roses (LE)","6765","GqZZ1-M85y9","False","ss"
"Jersey Jack Pinball","2020","Guns N' Roses","6764","GqZZ1-M1r5Y","False","ss"
"Jersey Jack Pinball","2020","Guns N' Roses (CE)","6766","GqZZ1-MZeoE","False","ss"
"Jersey Jack Pinball","2022","Toy Story 4","","GJ2o0-MrRye","False","ss"
"Jersey Jack Pinball","2023","The Godfather","","Gd2ox-MW9qj","False","ss"
"Jersey Jack Pinball","2023","Elton John","","G2LWd-M4o3Y","False","ss"
"Jersey Jack Pinball","2024","Avatar: The Battle for Pandora","","GbPxB-MkPol","False","ss"
"Jersey Jack Pinball","2025","Harry Potter","","GWyBj-MdEbK","False","ss"
"Jeutel","1982","Valkyrie","3929","GrOkd-Ml9OE","False","ss"
"Jeutel","1983","Le King","4554","Grqn7-MLE0K","False","ss"
"Jeutel","1984","Olympic Games","3931","GreWJ-MLb7N","False","ss"
"Jeutel","1984","Papillon","3934","GR6VW-MBRwz","False","ss"
"Jeutel","1985","Apocalypse Now","3932","G4Zyj-MQK1O","False","ss"
"Jeutel","1986","Evolution","3933","G4dLk-MYe1k","False","ss"
"Juegos Populares","1984","Petaco","4883","GyVV1-M9Rlp","False","ss"
"Juegos Populares","1985","Faeton","3087","GrPp3-Mx08N","False","ss"
"Juegos Populares","1986","Aqualand","3935","GRQVw-Mx06k","False","ss"
"Juegos Populares","1986","Halley Comet","3936","GR7DY-MQVzp","False","ss"
"Juegos Populares","1986","America 1492","5013","G5pjV-MwNNj","False","ss"
"Juegos Populares","1986","Olympus","5140","GzyBx-M0ow2","False","ss"
"Juegos Populares","1987","Lortium","4104","GRW3o-MQkNr","False","ss"
"Juegos Populares","1987","Quijote","","Gd26q-MP3lX","False","ss"
"Midway","1978","Galaxy Ranger","981","G4ynZ-MLyZb","False","ss"
"Midway","1978","Rotation VIII","2019","G4lnB-MeP1y","False","ss"
"Multimorphic","2017","Barnyard","6452","Glllz-M2Ypn","False","ss"
"Multimorphic","2017","Cannon Lagoon","6450","G6llq-MwNOZ","False","ss"
"Multimorphic","2017","Lexy Lightspeed - Escape From Earth","6449","G4doo-MLEj1","False","ss"
"Multimorphic","2017","Lexy Lightspeed - Secret Agent Showdown","6453","GpeeL-MYez0","False","ss"
"Multimorphic","2018","Cosmic Cart Racing","6665","GPBB9-M5R9v","False","ss"
"Multimorphic","2018","Grand Slam Rally","","GoEEx-MjB52","False","ss"
"Multimorphic","2019","Hoopin' It Up","","G188W-MnK95","False","ss"
"Multimorphic","2020","Heist","6667","G18pJ-Mz2bl","False","ss"
"Multimorphic","2020","ROCs","6451","Gd22x-MNElO","False","ss"
"Multimorphic","2020","Shoot 'n Scoot","","GN66q-MeP0V","False","ss"
"Multimorphic","2021","Heads Up!","","GELLO-M0o1y","False","ss"
"Multimorphic","2021","Sorcerer's Apprentice","","G8llL-MyNwq","False","ss"
"Multimorphic","2022","Weird Al's Museum of Natural Hilarity","","GN6WW-MnKPq","False","ss"
"Multimorphic","2023","Final Resistance","","G187W-MKNro","False","ss"
"Multimorphic","2024","The Princess Bride","","GkBnQ-MBRxV","False","ss"
"Multimorphic","2025","Portal (Extended)","","GpebN-M5RNp","False","ss"
"Multimorphic","2025","Portal (Standard)","","GpebN-Mq1rW","False","ss"
"Pedretti Gaming","2021","Funhouse 2.0 (Rudy's Nightmare)","","G5Dz7-Mz2e1","False","ss"
"Pedretti Gaming","2023","Whirlwind 2.0","","GrE7e-MnKzq","False","ss"
"Pedretti Gaming","2024","Funhouse (Remake)","","G5Dz7-MdEod","False","ss"
"Pedretti Gaming","2026","Tales of the Arabian Nights (Remake)","","G4llj-M3dyz","False","ss"
"Peyper","1985","Odin","4953","GJ2d8-M9RWW","False","ss"
"Peyper","1986","Nemesis","4880","GrOLe-MQK3d","False","ss"
"Peyper","1987","Wolf Man","4435","G4P0b-MD115","False","ss"
"Peyper","1987","Odisea Paris Dakar","4879","G5DKQ-M0o3R","False","ss"
"Pinball Brothers","2021","Alien (Remake)","","G4PBO-MyNeb","False","ss"
"Pinball Brothers","2022","Queen","","GELkO-Ml9zZ","False","ss"
"Pinball Brothers","2024","ABBA","","Ge1py-MkPj1","False","ss"
"Pinball Brothers","2025","Predator","","Gwe3B-MnKrO","False","ss"
"Pinstar","1985","Gamatron","984","GRo6e-MQPov","False","ss"
"Riot Pinball","2015","Wrath of Olympus","6468","G5zyN-MJNxr","False","ss"
"Riot Pinball","2020","Legends of Valhalla","","GWyyq-M4oPo","False","ss"
"Sega","1977","Rodeo","1997","GR9vD-MDbkK","False","ss"
"Sega","1977","Monte Rosa","3416","GrNoL-MJ2by","False","ss"
"Sega","1977","Big Kick","4556","GrX80-MJdnv","False","ss"
"Sega","1977","Nostalgia","4564","G5vqv-MJN3K","False","ss"
"Sega","1977","Big Together","4557","G5bNx-MLzNP","False","ss"
"Sega","1977","Temptation","2513","G42bv-MDb24","False","ss"
"Sega","1978","Mikoshi","4560","G4Z9k-MQjqr","False","ss"
"Sega","1978","Miss Nessie","3408","G4kJ3-MvB72","False","ss"
"Sega","1978","Cha Cha Cha","4559","Grl7B-MYee8","False","ss"
"Sega","1995","Apollo 13","3592","G411e-MJrEL","False","ss"
"Sega","1995","Mary Shelley's Frankenstein","947","GRB7E-MP3rR","False","ss"
"Sega","1995","Baywatch","2848","Grxvy-M4oZj","False","ss"
"Sega","1995","Batman Forever","3593","G59zN-MLy0N","False","ss"
"Sega","1996","Independence Day","3878","G4doQ-MKNN9","False","ss"
"Sega","1996","Twister","3976","GRwbv-MkPP0","False","ss"
"Sega","1996","Goldeneye","3792","G43wE-MQV5K","False","ss"
"Sega","1996","Space Jam","3879","G482d-Mp4kk","False","ss"
"Sega","1997","Starship Troopers","4341","G5we0-MDx6b","False","ss"
"Sega","1997","Star Wars Trilogy","4054","GrybN-MLl5X","False","ss"
"Sega","1997","The Lost World Jurassic Park","4136","G4kBL-MLndo","False","ss"
"Sega","1997","The X Files","4137","G4jPq-MQdlK","False","ss"
"Sega","1998","Viper Night Drivin'","4359","G4Obw-ML83d","False","ss"
"Sega","1998","Godzilla","4443","G5po2-MeP6B","True","ss"
"Sega","1998","Lost In Space","4442","GR91x-MLBZE","False","ss"
"Sega","1998","Golden Cue","4383","GRYzo-MP3p7","False","ss"
"Sega","1999","Harley Davidson","4453","G56lO-Mx00O","False","ss"
"Sega","1999","South Park","4444","G4qbD-MQpxv","False","ss"
"Spooky Pinball","2014","America's Most Haunted","6161","G4ELZ-MQ27w","False","ss"
"Spooky Pinball","2016","Rob Zombie's Spookshow International","6416","G5pp2-ME0eP","False","ss"
"Spooky Pinball","2016","Rob Zombie's Spookshow International (LE)","6417","G5pp2-MBRK4","False","ss"
"Spooky Pinball","2016","Domino's Spectacular Pinball Adventure","6418","GxvQ7-MNE7O","False","ss"
"Spooky Pinball","2017","Total Nuclear Annihilation","6444","GRD79-M0odk","False","ss"
"Spooky Pinball","2017","The Jetsons","6577","GweVl-Mb5lx","False","ss"
"Spooky Pinball","2018","Alice Cooper's Nightmare Castle","6445","GrlXK-M9RV0","False","ss"
"Spooky Pinball","2019","Rick and Morty (SE)","6640","GQKb2-MYek0","False","ss"
"Spooky Pinball","2021","Halloween (SE)","","Gj66Z-Mp4BN","False","ss"
"Spooky Pinball","2021","Ultraman: Kaiju Rumble (SE)","","GBLLd-MdEON","False","ss"
"Spooky Pinball","2023","Scooby-Doo (SE)","","GllPz-MBRrV","False","ss"
"Spooky Pinball","2024","The Texas Chainsaw Massacre (SE)","","G0lkp-MZeqp","False","ss"
"Spooky Pinball","2024","Looney Tunes (SE)","","GJ2K0-M85re","False","ss"
"Spooky Pinball","2024","Evil Dead","","GYWvw-MKNP4","True","ss"
"Spooky Pinball","2025","Beetlejuice","","GqZVo-Mb5xK","True","ss"
"Stern","1999","Harley Davidson","4455","G56lO-MDXpW","False","ss"
"Stern","2000","Striker Xtreme","4459","GRVjq-MDbxp","True","ss"
"Stern","2000","Sharkey's Shootout","4492","GRwv0-MJ99E","False","ss"
"Stern","2001","High Roller Casino","4502","G4JZ4-ML0pL","True","ss"
"Stern","2001","Austin Powers","4504","G43BW-M3dKV","True","ss"
"Stern","2001","Monopoly","4505","G48w3-Mq1Zk","True","ss"
"Stern","2001","NFL","4540","GRVjq-MD0z2","False","ss"
"Stern","2002","Playboy","4506","GrPKO-MLO5X","True","ss"
"Stern","2002","Harley-Davidson (3rd Edition)","5277","G56lO-Mq153","False","ss"
"Stern","2002","Harley-Davidson (2nd Edition)","4664","G56lO-MZeRq","False","ss"
"Stern","2002","RollerCoaster Tycoon","4536","Grybw-M5R0n","True","ss"
"Stern","2003","The Simpsons Pinball Party","4674","GRvBL-MP3Ev","True","ss"
"Stern","2003","Terminator 3: Rise of the Machines","4787","GR91N-MLOyE","True","ss"
"Stern","2003","Lord of the Rings","4858","GrqZX-MD15w","False","ss"
"Stern","2004","Ripley's Believe It or Not!","4917","GRWyB-MLz6Z","True","ss"
"Stern","2004","Elvis","4983","G4qbX-MJw5r","True","ss"
"Stern","2005","The Sopranos","5053","G5WoB-MDyNZ","True","ss"
"Stern","2005","Nascar","5093","G5YWX-MQ4VW","True","ss"
"Stern","2005","Grand Prix","5120","G5YWX-MDxXX","True","ss"
"Stern","2006","World Poker Tour","5134","G5poe-MQrb5","True","ss"
"Stern","2006","Pirates of the Caribbean","5163","GR7ZX-MQ23b","False","ss"
"Stern","2007","Dale Jr.","5292","G5YWX-MQj9k","False","ss"
"Stern","2007","Family Guy","5219","G5LW9-MQ6N5","True","ss"
"Stern","2007","Spider-Man","5237","G5D94-MLnXq","True","ss"
"Stern","2007","Spider-Man (Black Suited LE)","5650","G5D94-MyNBN","False","ss"
"Stern","2007","Wheel of Fortune","5254","G417d-MJkXV","True","ss"
"Stern","2008","Shrek","5301","G5LW9-ML371","True","ss"
"Stern","2008","Indiana Jones","5306","G4e1d-MJ5Bj","True","ss"
"Stern","2008","Batman: The Dark Knight","5307","G4yVw-M85j8","False","ss"
"Stern","2008","CSI: Crime Scene Investigation","5348","GRokz-ML8oW","False","ss"
"Stern","2009","24","5419","GrEkZ-ML13O","True","ss"
"Stern","2009","NBA","5442","G5K19-MBRlz","True","ss"
"Stern","2009","Lord of the Rings (LE)","5558","GrqZX-MDEPd","False","ss"
"Stern","2010","Iron Man Classic","5652","GRVq4-MDRKr","False","ss"
"Stern","2010","Batman (Standard Model)","5583","G4yVw-MQY90","False","ss"
"Stern","2010","Big Buck Hunter Pro","5513","G4N6n-MLxER","False","ss"
"Stern","2010","Iron Man","5550","GRVq4-MLyxq","True","ss"
"Stern","2010","James Cameron's Avatar","5618","GrZBr-MDbx7","False","ss"
"Stern","2010","James Cameron's Avatar (LE)","5653","GrZBr-MyNZz","False","ss"
"Stern","2011","The Rolling Stones (LE)","5708","GredR-Mb5jN","False","ss"
"Stern","2011","The Rolling Stones","5668","GredR-MDE2K","True","ss"
"Stern","2011","Disney TRON: Legacy","5682","GrkL5-MLvrX","False","ss"
"Stern","2011","Disney TRON: Legacy (LE)","5707","GrkL5-MJoNN","False","ss"
"Stern","2011","Transformers","5709","GRnPz-MLBzV","True","ss"
"Stern","2011","Transformers (LE)","5753","GRnPz-Mx0XO","False","ss"
"Stern","2012","Transformers The Pin","5861","Grd2o-MQK8Z","False","ss"
"Stern","2012","AC/DC (LE)","5777","G43W4-MrRpw","False","ss"
"Stern","2012","AC/DC (Pro)","5767","G43W4-MKNW0","False","ss"
"Stern","2012","The Avengers (Premium)","5939","GRzNR-Mz2WY","False","ss"
"Stern","2012","AC/DC (Premium)","5775","G43W4-MXrPx","False","ss"
"Stern","2012","X-Men","5822","Grj6X-MJwj5","True","ss"
"Stern","2012","X-Men (LE)","","Grj6X-MJNV1","False","ss"
"Stern","2012","The Avengers","5938","GRzNR-MLlEj","False","ss"
"Stern","2012","The Avengers (LE)","5940","GRzNR-MyNq8","False","ss"
"Stern","2013","Metallica (LE)","6031","GRBE4-MOE4l","False","ss"
"Stern","2013","Star Trek (LE)","6046","Gryw4-MNEKn","False","ss"
"Stern","2013","Metallica (Pro)","6028","GRBE4-MQK1Z","False","ss"
"Stern","2013","Metallica (Premium)","6029","GRBE4-MJ9rE","False","ss"
"Stern","2013","Star Trek (Pro)","6044","Gryw4-MwNky","False","ss"
"Stern","2013","Star Trek (Premium)","6045","Gryw4-MRj4O","False","ss"
"Stern","2014","Mustang (Premium)","6099","GrPOR-M61Pw","False","ss"
"Stern","2014","Iron Man (Vault)","6154","GRVq4-M4oNp","False","ss"
"Stern","2014","Mustang (Pro)","6098","GrPOR-MJK2k","False","ss"
"Stern","2014","Mustang (LE)","6100","GrPOR-MLq5x","False","ss"
"Stern","2014","The Walking Dead (Pro)","6155","G5nz5-M3d38","False","ss"
"Stern","2014","The Walking Dead (LE)","6156","G5nz5-MP3r1","False","ss"
"Stern","2015","Game of Thrones (Premium)","6308","G41d5-M0ovk","False","ss"
"Stern","2015","The Walking Dead (Premium)","6201","G5nz5-M7Z94","False","ss"
"Stern","2015","WrestleMania","6215","GR6Or-MwNex","False","ss"
"Stern","2015","Legends of Wrestlemania","6216","GR6Or-MKNYR","False","ss"
"Stern","2015","Whoa Nellie! Big Juicy Melons","6252","GRYX4-MLqqx","False","ss"
"Stern","2015","KISS (Premium)","6266","G4qX5-MJN17","False","ss"
"Stern","2015","KISS (Pro)","6265","G4qX5-Mz2Pp","False","ss"
"Stern","2015","KISS (LE)","6267","G4qX5-Ml9jb","False","ss"
"Stern","2015","Game Of Thrones (Pro)","6307","G41d5-MKNwX","False","ss"
"Stern","2015","Game of Thrones (LE)","6309","G41d5-M9REd","False","ss"
"Stern","2016","Ghostbusters (LE)","6334","GR9Nr-MVKol","False","ss"
"Stern","2016","Ghostbusters (Premium)","6333","GR9Nr-M5RxE","False","ss"
"Stern","2016","Ghostbusters (Pro)","6332","GR9Nr-Mz2dY","False","ss"
"Stern","2016","Batman 66 (LE)","6355","GRoz4-MrRPw","False","ss"
"Stern","2016","Spider-Man (Vault Edition)","6328","G5D94-M3d5w","False","ss"
"Stern","2016","Batman 66 (Premium)","6354","GRoz4-MjBV6","False","ss"
"Stern","2016","Pabst Can Crusher","6335","GRYX4-MRjVP","False","ss"
"Stern","2016","Spider-Man (Home Edition)","6438","G2Ld3-MnKE5","False","ss"
"Stern","2017","Aerosmith","6370","Gr16e-MnKEX","True","ss"
"Stern","2017","Aerosmith (LE)","6372","Gr16e-M5Rbv","False","ss"
"Stern","2017","Aerosmith (Premium)","6371","Gr16e-Mq1k3","False","ss"
"Stern","2017","AC/DC (Pro Vault Edition)","6439","G43W4-MKNX0","False","ss"
"Stern","2017","Star Wars (Pro)","6428","G5vLR-MwNwy","False","ss"
"Stern","2017","AC/DC (Premium Vault Edition)","6440","G43W4-MdEjy","False","ss"
"Stern","2017","Star Wars (LE)","6430","G5vLR-MZebq","False","ss"
"Stern","2017","Star Wars (Premium)","6429","G5vLR-ME049","False","ss"
"Stern","2017","Guardians of the Galaxy","6474","GRWvz-Mp4yl","True","ss"
"Stern","2017","Guardians of the Galaxy (LE)","6476","GRWvz-MP37P","False","ss"
"Stern","2017","Guardians of the Galaxy (Premium)","6475","GRWvz-Mx0eb","False","ss"
"Stern","2018","Iron Maiden: Legacy of the Beast (LE)","6557","G4dOQ-MW970","False","ss"
"Stern","2018","Iron Maiden: Legacy of the Beast","6555","G4dOQ-MyNbb","False","ss"
"Stern","2018","Iron Maiden: Legacy of the Beast (Premium)","6556","G4dOQ-MkPxr","False","ss"
"Stern","2018","Supreme x Stern","6609","G3EnZ-MePOV","False","ss"
"Stern","2018","Star Trek (Vault)","","Gryw4-MOE7P","False","ss"
"Stern","2018","Star Trek (Premium Vault)","","Gryw4-MwNwZ","False","ss"
"Stern","2018","Deadpool (Premium)","6559","G6lnq-MRj7Z","False","ss"
"Stern","2018","Deadpool (Pro)","6558","G6lnq-Mq1kv","False","ss"
"Stern","2018","Deadpool (LE)","6560","G6lnq-M6153","False","ss"
"Stern","2018","The Beatles (Gold)","6561","G0l8P-M85d9","False","ss"
"Stern","2018","Primus","6610","GRYX4-MvBpz","False","ss"
"Stern","2019","The Munsters (Pro)","6564","GbPde-M5Rkv","False","ss"
"Stern","2019","The Munsters (Premium/LE)","6565","GbPde-Mp43l","False","ss"
"Stern","2019","Black Knight: Sword of Rage (Pro)","6567","GD7Ld-ME0BP","False","ss"
"Stern","2019","Black Knight: Sword of Rage (Premium)","6568","GD7Ld-MBRP4","False","ss"
"Stern","2019","Star Wars (Home Edition)","6611","GpePX-MnKq5","False","ss"
"Stern","2019","Jurassic Park (Premium/LE)","6574","GK17D-MKNKd","False","ss"
"Stern","2019","Jurassic Park (Pro)","6573","GK17D-MdEqz","False","ss"
"Stern","2019","Elvira's House of Horrors (Premium/LE)","","GZVOd-MwNxZ","False","ss"
"Stern","2019","Stranger Things (Pro)","6642","Gzy89-MNEeO","False","ss"
"Stern","2019","Stranger Things (Premium/LE)","6643","Gzy89-M0oPy","False","ss"
"Stern","2020","Teenage Mutant Ninja Turtles (Pro)","6730","Gd2Xb-Mq1qv","False","ss"
"Stern","2020","Heavy Metal","6733","GoEej-Mo1q0","False","ss"
"Stern","2020","Teenage Mutant Ninja Turtles (Premium/LE)","6731","Gd2Xb-MRjpZ","False","ss"
"Stern","2020","Avengers: Infinity Quest (Pro)","6754","Gj66P-M3dxn","False","ss"
"Stern","2020","Avengers: Infinity Quest (Premium/LE)","6755","Gj66P-MXr0E","False","ss"
"Stern","2020","Led Zeppelin (Pro)","6760","Gweel-M9Rk0","False","ss"
"Stern","2020","Led Zeppelin (Premium/LE)","6762","Gweel-ME0pP","False","ss"
"Stern","2021","The Mandalorian (Pro)","6828","GBLLP-MkPpr","False","ss"
"Stern","2021","The Mandalorian (Premium/LE)","6829","GBLLP-MW900","False","ss"
"Stern","2021","Godzilla (Premium/LE)","","GweeP-Ml9pZ","False","ss"
"Stern","2021","Godzilla (Pro)","6841","GweeP-MW95j","False","ss"
"Stern","2021","Jurassic Park (Home Edition)","6847","GxvvB-MOEKX","False","ss"
"Stern","2022","Rush (Pro)","6844","G2Lkd-MNEdK","False","ss"
"Stern","2022","Rush (Premium/LE)","","G2Lkd-M0ope","False","ss"
"Stern","2022","James Bond 007 (Premium/LE)","","GQKyP-MP3OK","False","ss"
"Stern","2022","James Bond 007 (Pro)","6896","GQKyP-Mx0O4","False","ss"
"Stern","2022","James Bond 007 (60th Anniversary LE)","","Ge1Dy-M9Rrp","False","ss"
"Stern","2023","Foo Fighters (Premium/LE)","","GpeoL-MkPz1","False","ss"
"Stern","2023","Foo Fighters (Pro)","","GpeoL-MyNPq","False","ss"
"Stern","2023","Venom (Premium/LE)","","G3EBl-MRj6e","False","ss"
"Stern","2023","Venom (Pro)","7064","G3EBl-Mq1zy","False","ss"
"Stern","2024","JAWS (Premium/LE)","","GLWll-M1r8O","False","ss"
"Stern","2024","JAWS (Pro)","","GLWll-MXr4N","False","ss"
"Stern","2024","John Wick (Pro)","","GQK1P-MW9pj","False","ss"
"Stern","2024","John Wick (Premium/LE)","","GQK1P-Ml95Z","False","ss"
"Stern","2024","The Uncanny X-Men (Pro)","","G7ZEz-MBRYn","False","ss"
"Stern","2024","The Uncanny X-Men (Premium/LE)","","G7ZEz-MyN3K","False","ss"
"Stern","2024","Metallica Remastered (Premium/LE)","","GO0q3-MOEy8","False","ss"
"Stern","2025","Dungeons & Dragons: The Tyrant's Eye (Premium/LE)","","GK1Ej-MePok","False","ss"
"Stern","2025","Dungeons & Dragons: The Tyrant's Eye (Pro)","","GK1Ej-MwNZr","False","ss"
"Stern","2025","King Kong: Myth of Terror Island (Pro)","","GEL0V-MBRyb","False","ss"
"Stern","2025","King Kong: Myth of Terror Island (Premium/LE)","","GEL0V-MyN8E","False","ss"
"Stern","2025","Star Wars: Fall of the Empire (Pro)","","Gxv81-M610r","False","ss"
"Stern","2025","Star Wars: Fall of the Empire (Premium/LE)","","Gxv81-Mo1rp","False","ss"
"Stern","2025","The Walking Dead Remastered (Premium/LE)","","Gj6DE-MePEz","False","ss"
"Stern","2026","Pokémon (Pro)","","GV8wB-Mq12N","False","ss"
"Stern","2026","Pokémon (Premium/LE)","","GV8wB-MRjKd","False","ss"
"Stern","2026","Transformers: More Than Meets the Eye (Premium/LE)","","GBLzz-M4ok4","False","ss"
"Stern","2026","Transformers: More Than Meets the Eye (Pro)","","GBLzz-M7Zd5","False","ss"
"Stern Electronics","1977","Stingray","2377","G57lj-MJwxY","False","ss"
"Stern Electronics","1977","Pinball","1792","GrZXj-Mq11k","False","ss"
"Stern Electronics","1978","Wild Fyre","2783","GrOwV-Ml9kO","False","ss"
"Stern Electronics","1978","Nugent","1687","G5VWL-MLRjl","False","ss"
"Stern Electronics","1978","Lectronamo","1429","GRWd2-MQ4Ye","False","ss"
"Stern Electronics","1978","Stars","2366","GrXEW-MDEwr","False","ss"
"Stern Electronics","1978","Memory Lane","1570","Gry0Z-MP3zR","False","ss"
"Stern Electronics","1979","Dracula","728","G4Zl2-Ml90d","False","ss"
"Stern Electronics","1979","Magic","1509","G4eyp-MJ7XY","False","ss"
"Stern Electronics","1979","Meteor","1580","G5b38-MDqkx","False","ss"
"Stern Electronics","1979","Trident","2644","GR0KD-MJpnr","False","ss"
"Stern Electronics","1979","Hot Hand","1244","GRvNk-MQkro","False","ss"
"Stern Electronics","1980","Galaxy","980","GrdDB-ML8xK","False","ss"
"Stern Electronics","1980","Flight 2000","887","G48kY-MDxRV","False","ss"
"Stern Electronics","1980","Star Gazer","2346","GrZY2-ML0Rb","False","ss"
"Stern Electronics","1980","Big Game","249","G4jQw-MJ5rl","False","ss"
"Stern Electronics","1980","Ali","43","G43kO-MQ50p","False","ss"
"Stern Electronics","1980","Seawitch","2089","GR6kB-MDz81","False","ss"
"Stern Electronics","1980","Cheetah","500","GR6kW-Mo1W3","False","ss"
"Stern Electronics","1980","Quicksilver","1895","GRBZl-Mb5Zq","False","ss"
"Stern Electronics","1980","Nine Ball","1678","G4jjx-MDbz2","False","ss"
"Stern Electronics","1981","Freefall","953","G5W9p-MJw0B","False","ss"
"Stern Electronics","1981","Viper","2739","G5vXB-MLEve","False","ss"
"Stern Electronics","1981","Catacomb","469","GRoQ6-MLx0X","False","ss"
"Stern Electronics","1981","Split Second","2297","GRLbz-MDnxo","False","ss"
"Stern Electronics","1981","Lightning","1441","G5pQ8-Mq14e","False","ss"
"Stern Electronics","1981","Iron Maiden","1270","G4yZN-MDEP7","True","ss"
"Stern Electronics","1982","Dragonfist","731","GRQkJ-MDxpK","False","ss"
"Stern Electronics","1982","Cue","3873","G4kqd-MDB6w","False","ss"
"Stern Electronics","1982","Orbitor 1","1725","Grx7Q-Mp45k","False","ss"
"Williams","1975","Valencia","2714","G5nj6-MLnwY","False","ss"
"Williams","1975","Black Gold","306","G4qy6-MLvvd","False","ss"
"Williams","1976","Aztec (SS)","4828","GRpLk-Mz257","False","ss"
"Williams","1977","Hot Tip","3163","Grep0-MQYN4","False","ss"
"Williams","1978","Pokerino","1839","G5pn8-MJ5P4","False","ss"
"Williams","1978","Phoenix","1780","GRQp6-MJ5Wq","False","ss"
"Williams","1978","Disco Fever","686","G5o9o-MQpN2","False","ss"
"Williams","1978","Lucky Seven","1491","G5D3O-MJKe0","False","ss"
"Williams","1978","Contact","558","G5v02-MDnyO","False","ss"
"Williams","1978","World Cup","2810","GrNqO-MRjzl","False","ss"
"Williams","1979","Laser Ball","1413","GRBXl-MLq9k","False","ss"
"Williams","1979","Flash","871","Grypn-MQdbe","False","ss"
"Williams","1979","Gorgar","1062","G5zd6-MJVo4","False","ss"
"Williams","1979","Stellar Wars","2372","G4lLp-MQ5Xy","False","ss"
"Williams","1979","Tri Zone","2641","GrxNK-MLEzY","False","ss"
"Williams","1979","Time Warp","2568","G5wJo-MQdvv","False","ss"
"Williams","1980","Black Knight","310","GrO7w-M9R03","False","ss"
"Williams","1980","Alien Poker","48","G4yen-MD12Y","False","ss"
"Williams","1980","Algar","42","G5nQQ-MLbbp","False","ss"
"Williams","1980","Firepower","856","G5VDd-MJpqO","False","ss"
"Williams","1980","Blackout","317","GRwYo-MQoPw","False","ss"
"Williams","1980","Scorpion","2067","G4qQj-MD8XD","False","ss"
"Williams","1981","Barracora","177","GRo7K-MQ4e3","False","ss"
"Williams","1981","Jungle Lord","1338","G5nkY-MDv88","False","ss"
"Williams","1981","Pharaoh","1778","G41vn-MD1jB","False","ss"
"Williams","1981","Black Knight (LE)","3799","GrO7w-MDR9W","False","ss"
"Williams","1981","Solar Fire","2238","GRB26-MQPwX","False","ss"
"Williams","1982","Warlok","2754","G5z2e-MJ2lR","False","ss"
"Williams","1982","Defender","651","G5p7D-MJNVo","False","ss"
"Williams","1982","Varkon","2721","G5Lvz-MQkvB","False","ss"
"Williams","1982","Thunderball","2554","G4J3k-MLnnX","False","ss"
"Williams","1982","Cosmic Gunfight","571","GRv7B-MLqPd","False","ss"
"Williams","1983","Joust","1316","G4den-MLRYK","False","ss"
"Williams","1983","Firepower II","857","GRWYk-Mb5OV","False","ss"
"Williams","1983","Time Fantasy","2563","G42Nz-MNEpl","False","ss"
"Williams","1984","Space Shuttle","2260","G4q3L-MKN50","False","ss"
"Williams","1984","Laser Cue","1414","GRvJV-MJ4bR","False","ss"
"Williams","1984","Star Light","2362","GRB86-MJ2nw","False","ss"
"Williams","1985","Sorcerer","2242","G4qxv-MJPyv","False","ss"
"Williams","1985","Comet","548","Gryd3-MLqjd","False","ss"
"Williams","1986","High Speed","1176","GRvzd-MLxV8","False","ss"
"Williams","1986","Grand Lizard","1070","G4XPZ-M7Zob","False","ss"
"Williams","1986","Road Kings","1970","G4NKJ-Mo1Xj","False","ss"
"Williams","1986","Pinbot","1796","G41Z8-MJKvP","False","ss"
"Williams","1987","Space Station","2261","G5QXO-MQowd","False","ss"
"Williams","1987","Millionaire","1597","G5n38-M1rw3","False","ss"
"Williams","1987","Fire!","859","G41Lo-MJp3y","False","ss"
"Williams","1987","Fire! Champagne Edition","860","G41Lo-MDerP","False","ss"
"Williams","1987","F-14 Tomcat","804","GRY2O-MLWdy","False","ss"
"Williams","1987","Big Guns","250","G4d8k-MJ5Z8","False","ss"
"Williams","1988","Jokerz!","1308","Gry3j-Mq1Oe","False","ss"
"Williams","1988","Taxi","2505","GrN90-MJrnj","False","ss"
"Williams","1988","Cyclone","617","G4O2b-MJpn4","False","ss"
"Williams","1988","Banzai Run","175","GR9lZ-MkP2j","False","ss"
"Williams","1988","Swords of Fury","2486","GrPzV-MDxj7","False","ss"
"Williams","1989","Bad Cats","127","GrEBz-MBR3N","False","ss"
"Williams","1989","Black Knight 2000","311","GrxPP-Ml91r","False","ss"
"Williams","1989","Police Force","1841","G4d8d-MVKOR","False","ss"
"Williams","1989","Earthshaker","753","GRw0r-Mp42p","False","ss"
"Williams","1990","Whirlwind","2765","GrE7e-MQ9N1","False","ss"
"Williams","1990","Riverboat Gambler","1966","G4E0z-MDvl7","False","ss"
"Williams","1990","Diner","681","GRWBd-MLy5p","False","ss"
"Williams","1990","Rollergames","2006","Gr1Ko-MnKyx","False","ss"
"Williams","1990","Funhouse","966","G5Dz7-Mq139","False","ss"
"Williams","1991","Bride of Pinbot","1502","GRpee-MePdR","False","ss"
"Williams","1991","Terminator 2: Judgment Day","2524","GR9Bx-MQkd5","False","ss"
"Williams","1991","Hurricane","1257","GrX09-M85bb","False","ss"
"Williams","1992","Fish Tales","861","G5Wxd-MLxl3","False","ss"
"Williams","1992","The Getaway: High Speed II","1000","Grx8Y-MKNe9","False","ss"
"Williams","1993","White Water","2768","GRQKz-MyNXz","False","ss"
"Williams","1993","Star Trek: The Next Generation","2357","GR6d8-M1rZd","False","ss"
"Williams","1993","Bram Stoker's Dracula","3072","G41do-MP3Py","False","ss"
"Williams","1993","Indiana Jones: The Pinball Adventure","1267","G4xZy-MLno6","False","ss"
"Williams","1994","Red & Ted's Road Show","1972","G4dWd-MJ2p6","False","ss"
"Williams","1994","Demolition Man","662","G5bv3-MLW68","False","ss"
"Williams","1994","The Flintstones","888","GRK95-MQ674","False","ss"
"Williams","1995","Jack•Bot","3619","GRKOX-MLyrW","False","ss"
"Williams","1995","Johnny Mnemonic","3683","GR6W8-Mb55B","False","ss"
"Williams","1995","Dirty Harry","684","GrJ2Z-M61Xd","False","ss"
"Williams","1995","No Fear: Dangerous Sports","2852","Gr2Y2-MDxZq","False","ss"
"Williams","1995","Congo","3780","GrNd0-MJNW1","False","ss"
"Williams","1996","Junk Yard","4014","GRLlj-MQZN8","False","ss"
"Williams","1996","Tales of the Arabian Nights","3824","G4llj-MQYb2","False","ss"
"Williams","1997","No Good Gofers","4338","G57X4-MLb1y","False","ss"
"Williams","1997","Medieval Madness","4032","G5pe4-MePZv","False","ss"
"Williams","1998","Monster Bash","4441","Gr3EW-MD3Nj","False","ss"
"Williams","1999","Star Wars Episode I","4458","GRL9r-MD34z","False","ss"
"Williams","2013","Metallica (Retheme)","5478","GRw0r-Mo1V7","False","ss"
"Zaccaria","1978","Ski Jump","3637","G59y1-MQ2VY","False","ss"
"Zaccaria","1978","Future World","3613","G5Kl7-MDxel","False","ss"
"Zaccaria","1978","Winter Sports","3563","GrxWp-MDvrD","False","ss"
"Zaccaria","1978","Strike","3363","GRpyl-MJNBo","False","ss"
"Zaccaria","1978","House of Diamonds","3165","GRVpL-MJjPR","False","ss"
"Zaccaria","1979","Shooting the Rapids","3606","G41oq-MQVR1","False","ss"
"Zaccaria","1979","Hot Wheels","3164","GrOY9-Mq14V","False","ss"
"Zaccaria","1979","Space City","3267","G5Kl7-M1rzV","False","ss"
"Zaccaria","1980","Fire Mountain","3097","G4E9p-MDOrl","False","ss"
"Zaccaria","1980","Space Shuttle","3263","G4jyz-MDyYE","False","ss"
"Zaccaria","1980","Star God","3458","G5vXk-M2Y8r","False","ss"
"Zaccaria","1981","Earth Wind Fire","3611","GR96Q-MNEnx","False","ss"
"Zaccaria","1981","Locomotion","3217","G4d7B-MJVlK","False","ss"
"Zaccaria","1982","Soccer Kings","2235","GR0VJ-MDnEy","False","ss"
"Zaccaria","1982","Pinball Champ '82","1794","GrPdq-MQYkJ","False","ss"
"Zaccaria","1983","Time Machine","3494","GRnoY-MQVwx","False","ss"
"Zaccaria","1983","Pinball Champ","1793","GrPdq-M9RRe","False","ss"
"Zaccaria","1983","Farfalla","824","GRVw2-M4oWO","False","ss"
"Zaccaria","1984","Devil Riders","672","G5DPP-MJKbp","False","ss"
"Zaccaria","1984","Magic Castle","1511","G5v2B-MQ2xy","False","ss"
"Zaccaria","1985","Pool Champion","3311","G4jex-MLly8","False","ss"
"Zaccaria","1985","Robot","1977","G5Wjk-MLvBr","False","ss"
"Zaccaria","1985","Clown","3024","G5Wjo-MJ9ll","False","ss"
"Zaccaria","1986","Zankor","3531","G5z71-MBRXz","False","ss"
"Zaccaria","1986","Mystic Star","3375","G5QOw-M61dY","False","ss"
"Zaccaria","1986","Blackbelt","316","G5Ljd-MLWj0","False","ss"
"Zaccaria","1986","Mexico 86","3382","GrxeN-MD0ky","False","ss"
"Zaccaria","1987","Star's Phoenix","4509","G5VYY-MJ9V1","False","ss"
"Zaccaria","1987","Spooky","3459","Gr1j8-MDxzp","False","ss"
"Zaccaria","1987","New Star's Phoenix","4510","G5VYY-MRjqd","False","ss"
